order,name,version,direct,selection_reason,filename,selected_tag,size_bytes,sha256,url,source_index,requires_python,upload_time_iso_8601
1,aiohappyeyeballs,2.7.1,False,VERIFIED_HOST_VERSION,aiohappyeyeballs-2.7.1-py3-none-any.whl,py3-none-any,15038,9243213661e29250eb41368e5daa826fc017156c3b8a11440826b2e3ed376472,https://files.pythonhosted.org/packages/71/43/1947f06babed6b3f1d7f38b0c767f52df66bfb2bc10b468c4a7de9eceff2/aiohappyeyeballs-2.7.1-py3-none-any.whl,https://pypi.org/simple,>=3.10,2026-07-01T17:11:54.055058Z
2,aiohttp,3.14.1,True,DIRECT_PIN_VERIFIED_HOST,aiohttp-3.14.1-cp314-cp314-win_amd64.whl,cp314-cp314-win_amd64,485001,af8b4b81a960eeaf1234971ac3cd0ba5901f3cd42eae42a46b4d089a8b492719,https://files.pythonhosted.org/packages/f0/2b/13e8d741a9ec5db7d900c060554cf8352ab85e44e2a4469ebb9d377bda17/aiohttp-3.14.1-cp314-cp314-win_amd64.whl,https://pypi.org/simple,>=3.10,2026-06-07T21:08:48.401516Z
3,aiosignal,1.4.0,False,VERIFIED_HOST_VERSION,aiosignal-1.4.0-py3-none-any.whl,py3-none-any,7490,053243f8b92b990551949e63930a839ff0cf0b0ebbe0597b0f3fb19e1a0fe82e,https://files.pythonhosted.org/packages/fb/76/641ae371508676492379f16e2fa48f4e2c11741bd63c48be4b12a6b09cba/aiosignal-1.4.0-py3-none-any.whl,https://pypi.org/simple,>=3.9,2025-07-03T22:54:42.156277Z
4,alembic,1.18.5,True,DIRECT_PIN_VERIFIED_HOST,alembic-1.18.5-py3-none-any.whl,py3-none-any,264664,06d8ba9d04558022f5395e9317de03d270f3dced49cee01f89fe7a13c26f14bc,https://files.pythonhosted.org/packages/96/78/5fe6dc3a3a5b2f5a2a4faef8bfe336d5fa049a38884ab3172e0098160c01/alembic-1.18.5-py3-none-any.whl,https://pypi.org/simple,>=3.10,2026-06-25T15:20:56.673419Z
5,annotated-doc,0.0.4,False,VERIFIED_HOST_VERSION,annotated_doc-0.0.4-py3-none-any.whl,py3-none-any,5303,571ac1dc6991c450b25a9c2d84a3705e2ae7a53467b5d111c24fa8baabbed320,https://files.pythonhosted.org/packages/1e/d3/26bf1008eb3d2daa8ef4cacc7f3bfdc11818d111f7e2d0201bc6e3b49d45/annotated_doc-0.0.4-py3-none-any.whl,https://pypi.org/simple,>=3.8,2025-11-10T22:07:40.673400Z
6,annotated-types,0.7.0,False,VERIFIED_HOST_VERSION,annotated_types-0.7.0-py3-none-any.whl,py3-none-any,13643,1f02e8b43a8fbbc3f3e0d4f0f4bfc8131bcb4eebe8849b8e5c773f3a1c582a53,https://files.pythonhosted.org/packages/78/b6/6307fbef88d9b5ee7421e68d78a9f162e0da4900bc5f5793f6d3d0e34fb8/annotated_types-0.7.0-py3-none-any.whl,https://pypi.org/simple,>=3.8,2024-05-20T21:33:24.100469Z
7,anyio,4.14.1,False,VERIFIED_HOST_VERSION,anyio-4.14.1-py3-none-any.whl,py3-none-any,124875,4e5533c5b8ff0a24f5d7a176cbe6877129cd183893f66b537f8f227d10527d72,https://files.pythonhosted.org/packages/b0/7b/90df4a0a816d98d6ea26f559d87836d494a2cf1fcf063be67df50a7bcc30/anyio-4.14.1-py3-none-any.whl,https://pypi.org/simple,>=3.10,2026-06-24T20:56:04.413052Z
8,attrs,26.1.0,False,VERIFIED_HOST_VERSION,attrs-26.1.0-py3-none-any.whl,py3-none-any,67548,c647aa4a12dfbad9333ca4e71fe62ddc36f4e63b2d260a37a8b83d2f043ac309,https://files.pythonhosted.org/packages/64/b4/17d4b0b2a2dc85a6df63d1157e028ed19f90d4cd97c36717afef2bc2f395/attrs-26.1.0-py3-none-any.whl,https://pypi.org/simple,>=3.9,2026-03-19T14:22:23.645947Z
9,av,18.0.0,True,DIRECT_PIN_VERIFIED_HOST,av-18.0.0-cp311-abi3-win_amd64.whl,cp311-abi3-win_amd64,27556236,aaf4d354d2beaa6651e4f92e54409a578bde64f79c0beef9a30b388d06f7c629,https://files.pythonhosted.org/packages/11/85/0f121ff43dc5a70696676c98a8f1674e2fa787614c2abaacb15fa1a9bc99/av-18.0.0-cp311-abi3-win_amd64.whl,https://pypi.org/simple,>=3.11,2026-07-02T06:37:21.388809Z
10,blake3,1.0.9,True,DIRECT_PIN_VERIFIED_HOST,blake3-1.0.9-cp314-cp314-win_amd64.whl,cp314-cp314-win_amd64,218526,0aba416bb2e3ef0c65e74d5eba21062483c714cd78e7e303c9d03c547fc7d015,https://files.pythonhosted.org/packages/63/ab/f29af72a8312b3827b50e55491f1bf9ae2347591de5c47365c5cbd2525a9/blake3-1.0.9-cp314-cp314-win_amd64.whl,https://pypi.org/simple,>=3.8,2026-06-22T18:01:27.779240Z
11,certifi,2026.6.17,False,VERIFIED_HOST_VERSION,certifi-2026.6.17-py3-none-any.whl,py3-none-any,133289,2227dcbaafe0d2f59279d1762ddddc37783ed4354594f194ffc31d20f41fc3db,https://files.pythonhosted.org/packages/ef/2f/c5464532e965badff2f4c4c1a3a83f5697f0d7c407ed0cda44aaa99bb451/certifi-2026.6.17-py3-none-any.whl,https://pypi.org/simple,>=3.7,2026-06-17T10:31:06.348672Z
12,cffi,2.0.0,False,VERIFIED_HOST_VERSION,cffi-2.0.0-cp314-cp314-win_amd64.whl,cp314-cp314-win_amd64,185650,203a48d1fb583fc7d78a4c6655692963b860a417c0528492a6bc21f1aaefab25,https://files.pythonhosted.org/packages/bb/92/882c2d30831744296ce713f0feb4c1cd30f346ef747b530b5318715cc367/cffi-2.0.0-cp314-cp314-win_amd64.whl,https://pypi.org/simple,>=3.9,2025-09-08T23:23:45.848735Z
13,chardet,7.4.3,False,VERIFIED_HOST_VERSION,chardet-7.4.3-cp314-cp314-win_amd64.whl,cp314-cp314-win_amd64,939594,b95c934b9ad59e2ba8abb9be49df70d3ad1b0d95d864b9fdb7588d4fa8bd921c,https://files.pythonhosted.org/packages/b1/2c/cad8b5e3623a987f3c930b68e2bdd06cfc388cd91cd42ed05f1227701b73/chardet-7.4.3-cp314-cp314-win_amd64.whl,https://pypi.org/simple,>=3.10,2026-04-13T21:33:31.391101Z
14,charset-normalizer,3.4.7,False,VERIFIED_HOST_VERSION,charset_normalizer-3.4.7-cp314-cp314-win_amd64.whl,cp314-cp314-win_amd64,159634,92a0a01ead5e668468e952e4238cccd7c537364eb7d851ab144ab6627dbbe12f,https://files.pythonhosted.org/packages/48/77/72dcb0921b2ce86420b2d79d454c7022bf5be40202a2a07906b9f2a35c97/charset_normalizer-3.4.7-cp314-cp314-win_amd64.whl,https://pypi.org/simple,>=3.7,2026-04-02T09:27:26.642081Z
15,click,8.4.2,False,VERIFIED_HOST_VERSION,click-8.4.2-py3-none-any.whl,py3-none-any,119243,e6f9f66136c816745b9d65817da91d61d957fb16e02e4dcd0552553c5a197b76,https://files.pythonhosted.org/packages/fb/e2/79c688af8b210d232694e31e59da9f6ec747bae31c3f5946e4e9b98860d5/click-8.4.2-py3-none-any.whl,https://pypi.org/simple,>=3.10,2026-06-24T17:45:13.730054Z
16,colorama,0.4.6,False,VERIFIED_HOST_VERSION,colorama-0.4.6-py2.py3-none-any.whl,py3-none-any,25335,4f1d9991f5acc0ca119f9d443620b77f9d6b33703e51011c16baf57afb285fc6,https://files.pythonhosted.org/packages/d1/d6/3965ed04c63042e047cb6a3e6ed1a63a35087b6a609aa3a15ed8ac56c221/colorama-0.4.6-py2.py3-none-any.whl,https://pypi.org/simple,"!=3.0.*,!=3.1.*,!=3.2.*,!=3.3.*,!=3.4.*,!=3.5.*,!=3.6.*,>=2.7",2022-10-25T02:36:20.889702Z
17,comfy-aimdo,0.4.10,True,DIRECT_PIN_VERIFIED_HOST,comfy_aimdo-0.4.10-cp39-abi3-win_amd64.whl,cp39-abi3-win_amd64,256475,5b5a51bf521336aa32fe2514eee89aa87ffdf5ef5d779add669cd90242e92f1d,https://files.pythonhosted.org/packages/20/8a/00b0a8324a5bb5258711ccd1cab0d84bde6198465d793e8d9b4a4565e80c/comfy_aimdo-0.4.10-cp39-abi3-win_amd64.whl,https://pypi.org/simple,>=3.9,2026-06-15T12:19:15.159222Z
18,comfy-angle,0.1.0,True,DIRECT_PIN_VERIFIED_HOST,comfy_angle-0.1.0-py3-none-win_amd64.whl,py3-none-win_amd64,5570972,6867580a2b65d0fb99fe376a30b2e3f33390fbe8dc52c3a7d96bae65afe42e60,https://files.pythonhosted.org/packages/98/2c/d15dfa9889c2247f6ab69cc51dad548a56c6c58dfec440339eea1f8af952/comfy_angle-0.1.0-py3-none-win_amd64.whl,https://pypi.org/simple,>=3.8,2026-03-25T15:08:41.610838Z
19,comfy-kitchen,0.2.13,True,DIRECT_PIN_VERIFIED_HOST,comfy_kitchen-0.2.13-cp312-abi3-win_amd64.whl,cp312-abi3-win_amd64,3268286,c3d7bba4cf15af691c8eaad41087cdfbceca4b2a350246130723226325ec67bb,https://files.pythonhosted.org/packages/77/b2/f1b1cb702fa98226e45fd0a739e94deeea4290bee04f192b69f5ca69cf95/comfy_kitchen-0.2.13-cp312-abi3-win_amd64.whl,https://pypi.org/simple,>=3.10,2026-06-26T22:10:00.831253Z
20,comfyui-embedded-docs,0.5.5,True,DIRECT_PIN_VERIFIED_HOST,comfyui_embedded_docs-0.5.5-py3-none-any.whl,py3-none-any,15270246,1fad479eeb210f8c4b5bad0bd676f8fdf779d3bcc4a0c042fe14b51fe421a979,https://files.pythonhosted.org/packages/b5/89/af87194900ae28534dc1a17e398ff65f36e67e548eed673c7db62cb20d95/comfyui_embedded_docs-0.5.5-py3-none-any.whl,https://pypi.org/simple,>=3.9,2026-06-22T10:22:07.569229Z
21,comfyui-frontend-package,1.45.19,True,DIRECT_PIN_VERIFIED_HOST,comfyui_frontend_package-1.45.19-py3-none-any.whl,py3-none-any,26579068,838e89f9ab7931339b8ca3478f55c3434a31019f85cd35ae11c665681e4cdd95,https://files.pythonhosted.org/packages/db/df/b0c3a3ca66cc8ec010f055dfe8299949e373e7f22986164e879534a5e044/comfyui_frontend_package-1.45.19-py3-none-any.whl,https://pypi.org/simple,>=3.9,2026-06-19T21:18:34.406778Z
22,comfyui-manager,4.2.2,True,DIRECT_PIN_VERIFIED_HOST,comfyui_manager-4.2.2-py3-none-any.whl,py3-none-any,1040574,9b0331e5b84483b406260480b92ad91dbd8473cae6e2262127e8c11577ce0473,https://files.pythonhosted.org/packages/2c/21/ff7464c4ea1bc53741280d2b26046c2c9e8ba742e096a971aff2f83da1bb/comfyui_manager-4.2.2-py3-none-any.whl,https://pypi.org/simple,>=3.9,2026-06-14T17:42:38.287690Z
23,comfyui-workflow-templates,0.10.7,True,DIRECT_PIN_VERIFIED_HOST,comfyui_workflow_templates-0.10.7-py3-none-any.whl,py3-none-any,10474,2c67eb566b1c1f829cd03ce84edd35d6e27b159c15eedd1a551e6fd4f7bc370f,https://files.pythonhosted.org/packages/db/81/ce852cb1746b86c4b59d1c5626b8445a346881e265d0f9ca9797bea802c7/comfyui_workflow_templates-0.10.7-py3-none-any.whl,https://pypi.org/simple,>=3.9,2026-06-25T13:28:24.252603Z
24,comfyui-workflow-templates-core,0.3.263,False,VERIFIED_HOST_VERSION,comfyui_workflow_templates_core-0.3.263-py3-none-any.whl,py3-none-any,64042,f469f03e0aa32fe9810e8c60e0793623643c0e71966be958d9c7e75dfe55ad6d,https://files.pythonhosted.org/packages/10/cc/d14609e3a0f84605f99d8a224a5ce202f2680313bc5a4614488f8f2fb8c6/comfyui_workflow_templates_core-0.3.263-py3-none-any.whl,https://pypi.org/simple,>=3.9,2026-06-25T13:18:47.602027Z
25,comfyui-workflow-templates-media-api,0.3.81,False,VERIFIED_HOST_VERSION,comfyui_workflow_templates_media_api-0.3.81-py3-none-any.whl,py3-none-any,95151533,2c000665bada109315f9dafbcf435721a4830f8359bd7aee0c22548fe8304356,https://files.pythonhosted.org/packages/ff/7c/b5c8b5515fcdefc5eee48e9dcb447e7f7d04be92feb64456c288a9b55a73/comfyui_workflow_templates_media_api-0.3.81-py3-none-any.whl,https://pypi.org/simple,>=3.9,2026-06-23T15:27:12.594480Z
26,comfyui-workflow-templates-media-image,0.3.157,False,VERIFIED_HOST_VERSION,comfyui_workflow_templates_media_image-0.3.157-py3-none-any.whl,py3-none-any,90176752,64ec66b1ad0ab0425e8f586b1f4d10ca4974d678105aaed1e1b55e1ea15e097e,https://files.pythonhosted.org/packages/6e/12/b58099fc61f183991a92dd03f28cecdc3d6c15d266ac995f6544605a702c/comfyui_workflow_templates_media_image-0.3.157-py3-none-any.whl,https://pypi.org/simple,>=3.9,2026-06-25T13:19:03.639813Z
27,comfyui-workflow-templates-media-other,0.3.226,False,VERIFIED_HOST_VERSION,comfyui_workflow_templates_media_other-0.3.226-py3-none-any.whl,py3-none-any,89208134,f3b2c40d559f4bde2bdbe46ae6129f43600881b03785f4680ffce24b14b295d0,https://files.pythonhosted.org/packages/99/8c/808153e5c9e382fddad31391261b2c8539fc30fcda2fa7f05cdc964af49c/comfyui_workflow_templates_media_other-0.3.226-py3-none-any.whl,https://pypi.org/simple,>=3.9,2026-06-25T13:19:22.891968Z
28,comfyui-workflow-templates-media-video,0.3.98,False,VERIFIED_HOST_VERSION,comfyui_workflow_templates_media_video-0.3.98-py3-none-any.whl,py3-none-any,97832522,bddd2514dd7293751d85a93232af201e128eb83b9350dfc4e839838496c1d362,https://files.pythonhosted.org/packages/4d/62/733a84fd13e507d1afd29f765ba27598ad22e14afe054208a1fc7c146c1c/comfyui_workflow_templates_media_video-0.3.98-py3-none-any.whl,https://pypi.org/simple,>=3.9,2026-06-25T13:28:11.271430Z
29,cryptography,49.0.0,False,VERIFIED_HOST_VERSION,cryptography-49.0.0-cp311-abi3-win_amd64.whl,cp311-abi3-win_amd64,3810026,e5dfc1e64de5677cec922ffa8da89c546d0415bf6efdf081842e5d44c84e1f0e,https://files.pythonhosted.org/packages/1f/09/f42b1d190c5ba75f72062a387f8030d1d75f6ab035788f1d9c4b01de6525/cryptography-49.0.0-cp311-abi3-win_amd64.whl,https://pypi.org/simple,"!=3.9.0,!=3.9.1,>=3.9",2026-06-12T20:02:39.262542Z
30,einops,0.8.2,True,DIRECT_PIN_VERIFIED_HOST,einops-0.8.2-py3-none-any.whl,py3-none-any,65638,54058201ac7087911181bfec4af6091bb59380360f069276601256a76af08193,https://files.pythonhosted.org/packages/2a/09/f8d8f8f31e4483c10a906437b4ce31bdf3d6d417b73fe33f1a8b59e34228/einops-0.8.2-py3-none-any.whl,https://pypi.org/simple,>=3.9,2026-01-26T04:13:18.546466Z
31,filelock,3.29.5,True,DIRECT_PIN_VERIFIED_HOST,filelock-3.29.5-py3-none-any.whl,py3-none-any,45073,8af830889ba3a0ffcefbd6c7d2af8a54012058103771f2e10848222f476a1693,https://files.pythonhosted.org/packages/4a/e3/f1fae3647d170919c2cf2a898e77e7d1a4e5c7cae0aed7bb4bd3f5ebff6f/filelock-3.29.5-py3-none-any.whl,https://pypi.org/simple,>=3.10,2026-07-03T03:50:30.445336Z
32,frozenlist,1.8.0,False,VERIFIED_HOST_VERSION,frozenlist-1.8.0-cp314-cp314-win_amd64.whl,cp314-cp314-win_amd64,44330,3e0761f4d1a44f1d1a47996511752cf3dcec5bbdd9cc2b4fe595caf97754b7a0,https://files.pythonhosted.org/packages/59/ad/9caa9b9c836d9ad6f067157a531ac48b7d36499f5036d4141ce78c230b1b/frozenlist-1.8.0-cp314-cp314-win_amd64.whl,https://pypi.org/simple,>=3.9,2025-10-06T05:37:26.928497Z
33,fsspec,2026.6.0,False,VERIFIED_HOST_VERSION,fsspec-2026.6.0-py3-none-any.whl,py3-none-any,203949,02e0b71817df9b2169dc30a16832045764def1191b43dcff5bb85bdee212d2a1,https://files.pythonhosted.org/packages/e5/22/4222d7ddf3da30f363edaa98e329c2bce6c65497c9cb2810931c8b2c0fbc/fsspec-2026.6.0-py3-none-any.whl,https://pypi.org/simple,>=3.10,2026-06-16T01:57:26.358592Z
34,gitdb,4.0.12,False,VERIFIED_HOST_VERSION,gitdb-4.0.12-py3-none-any.whl,py3-none-any,62794,67073e15955400952c6565cc3e707c554a4eea2e428946f7a4c162fab9bd9bcf,https://files.pythonhosted.org/packages/a0/61/5c78b91c3143ed5c14207f463aecfc8f9dbb5092fb2869baf37c273b2705/gitdb-4.0.12-py3-none-any.whl,https://pypi.org/simple,>=3.7,2025-01-02T07:20:43.624964Z
35,gitpython,3.1.50,False,VERIFIED_HOST_VERSION,gitpython-3.1.50-py3-none-any.whl,py3-none-any,212507,d352abe2908d07355014abdd21ddf798c2a961469239afec4962e9da884858f9,https://files.pythonhosted.org/packages/20/7a/1c6e3562dfd8950adbb11ffbc65d21e7c89d01a6e4f137fa981056de25c5/gitpython-3.1.50-py3-none-any.whl,https://pypi.org/simple,>=3.7,2026-05-06T04:01:23.799215Z
36,greenlet,3.5.3,False,VERIFIED_HOST_VERSION,greenlet-3.5.3-cp314-cp314-win_amd64.whl,cp314-cp314-win_amd64,240754,7669aa24cf2a1041d6f7899575b494a3ab4cf68bfcc8609b1dc0be7272db835e,https://files.pythonhosted.org/packages/7a/94/91aec0030bea75c4b3244251d0de60a1f3432d1ecb53ab6c437fb5c3ba61/greenlet-3.5.3-cp314-cp314-win_amd64.whl,https://pypi.org/simple,>=3.10,2026-06-26T18:22:15.669919Z
37,h11,0.16.0,False,VERIFIED_HOST_VERSION,h11-0.16.0-py3-none-any.whl,py3-none-any,37515,63cf8bbe7522de3bf65932fda1d9c2772064ffb3dae62d55932da54b31cb6c86,https://files.pythonhosted.org/packages/04/4b/29cac41a4d98d144bf5f6d33995617b185d14b22401f75ca86f384e87ff1/h11-0.16.0-py3-none-any.whl,https://pypi.org/simple,>=3.8,2025-04-24T03:35:24.344199Z
38,hf-xet,1.5.1,False,VERIFIED_HOST_VERSION,hf_xet-1.5.1-cp37-abi3-win_amd64.whl,cp37-abi3-win_amd64,4026419,f7b3002f95d1c13e24bcb4537baa8f0eb3838957067c91bb4959bc004a6435f5,https://files.pythonhosted.org/packages/6d/b6/20f99cfe97cc663a711f7b33cc21d4793e51968e9a26125b4afcd77315ba/hf_xet-1.5.1-cp37-abi3-win_amd64.whl,https://pypi.org/simple,>=3.8,2026-06-08T23:02:50.829202Z
39,httpcore,1.0.9,False,VERIFIED_HOST_VERSION,httpcore-1.0.9-py3-none-any.whl,py3-none-any,78784,2d400746a40668fc9dec9810239072b40b4484b640a8c38fd654a024c7a1bf55,https://files.pythonhosted.org/packages/7e/f5/f66802a942d491edb555dd61e3a9961140fd64c90bce1eafd741609d334d/httpcore-1.0.9-py3-none-any.whl,https://pypi.org/simple,>=3.8,2025-04-24T22:06:20.566605Z
40,httpx,0.28.1,False,VERIFIED_HOST_VERSION,httpx-0.28.1-py3-none-any.whl,py3-none-any,73517,d909fcccc110f8c7faf814ca82a9a4d816bc5a6dbfea25d6591d6985b8ba59ad,https://files.pythonhosted.org/packages/2a/39/e50c7c3a983047577ee07d2a9e53faf5a69493943ec3f6a384bdc792deb2/httpx-0.28.1-py3-none-any.whl,https://pypi.org/simple,>=3.8,2024-12-06T15:37:21.509172Z
41,huggingface-hub,1.21.0,False,VERIFIED_HOST_VERSION,huggingface_hub-1.21.0-py3-none-any.whl,py3-none-any,721078,eadaa3678c512c82aea69e8675d90a184861e68de32f1105668628b4dce0e7cd,https://files.pythonhosted.org/packages/4f/85/b505a99a133d9f99d21af182af416e9baef70bdeef019983479651e494c2/huggingface_hub-1.21.0-py3-none-any.whl,https://pypi.org/simple,>=3.10.0,2026-06-25T13:09:24.402254Z
42,idna,3.18,False,VERIFIED_HOST_VERSION,idna-3.18-py3-none-any.whl,py3-none-any,65455,7f952cbe720b688055e3f87de14f5c3e5fdaa8bc3928985c4077ca689de849a2,https://files.pythonhosted.org/packages/1e/5e/d4e9f1a599fb8e573b7b87160658329fbf28d19eac2718f51fc3def3aa5a/idna-3.18-py3-none-any.whl,https://pypi.org/simple,>=3.9,2026-06-02T14:34:06.319954Z
43,jinja2,3.1.6,False,VERIFIED_HOST_VERSION,jinja2-3.1.6-py3-none-any.whl,py3-none-any,134899,85ece4451f492d0c13c5dd7c13a64681a86afae63a5f347908daf103ce6d2f67,https://files.pythonhosted.org/packages/62/a1/3d680cbfd5f4b8f15abc1d571870c5fc3e594bb582bc3b64ea099db13e56/jinja2-3.1.6-py3-none-any.whl,https://pypi.org/simple,>=3.7,2025-03-05T20:05:00.369721Z
44,kornia,0.8.3,True,DIRECT_PIN_VERIFIED_HOST,kornia-0.8.3-py3-none-any.whl,py3-none-any,1189381,0b15f5d359aeafd7ff54ea631ed1943a3eb295c4a6dae3f745ddeada25e33289,https://files.pythonhosted.org/packages/85/05/0c1cc486e87d2a5ad6649eb96a8ccaa7c6002d8d73d676c13e2102f286c1/kornia-0.8.3-py3-none-any.whl,https://pypi.org/simple,>=3.11,2026-05-19T20:23:33.209146Z
45,kornia-rs,0.1.14,False,VERIFIED_HOST_VERSION,kornia_rs-0.1.14-cp314-cp314-win_amd64.whl,cp314-cp314-win_amd64,3366738,ff5ab2ede8eee7c05c6b55318ca96118785c40e9320e30c3fbb7f2b68b6fbe2b,https://files.pythonhosted.org/packages/b0/96/56c15bd73c5ea7f242e6e03001b46db31c99fb7b287455dc36d1273f1b39/kornia_rs-0.1.14-cp314-cp314-win_amd64.whl,https://pypi.org/simple,>=3.8,2026-05-19T07:46:21.693138Z
46,mako,1.3.12,False,VERIFIED_HOST_VERSION,mako-1.3.12-py3-none-any.whl,py3-none-any,78521,8f61569480282dbf557145ce441e4ba888be453c30989f879f0d652e39f53ea9,https://files.pythonhosted.org/packages/bc/b1/a0ec7a5a9db730a08daef1fdfb8090435b82465abbf758a596f0ea88727e/mako-1.3.12-py3-none-any.whl,https://pypi.org/simple,>=3.8,2026-04-28T19:01:10.393262Z
47,markdown-it-py,4.2.0,False,VERIFIED_HOST_VERSION,markdown_it_py-4.2.0-py3-none-any.whl,py3-none-any,91687,9f7ebbcd14fe59494226453aed97c1070d83f8d24b6fc3a3bcf9a38092641c4a,https://files.pythonhosted.org/packages/b3/81/4da04ced5a082363ecfa159c010d200ecbd959ae410c10c0264a38cac0f5/markdown_it_py-4.2.0-py3-none-any.whl,https://pypi.org/simple,>=3.10,2026-05-07T12:08:27.182789Z
48,markupsafe,3.0.3,False,VERIFIED_HOST_VERSION,markupsafe-3.0.3-cp314-cp314-win_amd64.whl,cp314-cp314-win_amd64,15341,bdc919ead48f234740ad807933cdf545180bfbe9342c2bb451556db2ed958581,https://files.pythonhosted.org/packages/28/52/182836104b33b444e400b14f797212f720cbc9ed6ba34c800639d154e821/markupsafe-3.0.3-cp314-cp314-win_amd64.whl,https://pypi.org/simple,>=3.9,2025-09-27T18:37:16.496852Z
49,mdurl,0.1.2,False,VERIFIED_HOST_VERSION,mdurl-0.1.2-py3-none-any.whl,py3-none-any,9979,84008a41e51615a49fc9966191ff91509e3c40b939176e643fd50a5c2196b8f8,https://files.pythonhosted.org/packages/b3/38/89ba8ad64ae25be8de66a6d463314cf1eb366222074cfda9ee839c56a4b4/mdurl-0.1.2-py3-none-any.whl,https://pypi.org/simple,>=3.7,2022-08-14T12:40:09.779676Z
50,mpmath,1.3.0,False,VERIFIED_HOST_VERSION,mpmath-1.3.0-py3-none-any.whl,py3-none-any,536198,a0b2b9fe80bbcd81a6647ff13108738cfb482d481d826cc0e02f5b35e5c88d2c,https://files.pythonhosted.org/packages/43/e3/7d92a15f894aa0c9c4b49b8ee9ac9850d6e63b03c9c32c0367a13ae62209/mpmath-1.3.0-py3-none-any.whl,https://pypi.org/simple,,2023-03-07T16:47:09.197171Z
51,multidict,6.7.1,False,VERIFIED_HOST_VERSION,multidict-6.7.1-cp314-cp314-win_amd64.whl,cp314-cp314-win_amd64,45074,5e01429a929600e7dab7b166062d9bb54a5eed752384c7384c968c2afab8f50f,https://files.pythonhosted.org/packages/e0/bf/52f25716bbe93745595800f36fb17b73711f14da59ed0bb2eba141bc9f0f/multidict-6.7.1-cp314-cp314-win_amd64.whl,https://pypi.org/simple,>=3.9,2026-01-26T02:45:37.546702Z
52,networkx,3.6.1,False,VERIFIED_HOST_VERSION,networkx-3.6.1-py3-none-any.whl,py3-none-any,2068504,d47fbf302e7d9cbbb9e2555a0d267983d2aa476bac30e90dfbe5669bd57f3762,https://files.pythonhosted.org/packages/9e/c9/b2622292ea83fbb4ec318f5b9ab867d0a28ab43c5717bb85b0a5f6b3b0a4/networkx-3.6.1-py3-none-any.whl,https://pypi.org/simple,"!=3.14.1,>=3.11",2025-12-08T17:02:38.159362Z
53,numpy,2.5.0,True,DIRECT_PIN_VERIFIED_HOST,numpy-2.5.0-cp314-cp314-win_amd64.whl,cp314-cp314-win_amd64,12551749,ebb81d9d5443e0309d6c54894c3fbed74ad7da0714352a67b6d773cd189eae73,https://files.pythonhosted.org/packages/f2/9e/4dd1459282229a72d92dece2ae9138e5cac94a72263a7ceb48f37434c925/numpy-2.5.0-cp314-cp314-win_amd64.whl,https://pypi.org/simple,>=3.12,2026-06-21T20:57:25.945155Z
54,packaging,26.2,False,VERIFIED_HOST_VERSION,packaging-26.2-py3-none-any.whl,py3-none-any,100195,5fc45236b9446107ff2415ce77c807cee2862cb6fac22b8a73826d0693b0980e,https://files.pythonhosted.org/packages/df/b2/87e62e8c3e2f4b32e5fe99e0b86d576da1312593b39f47d8ceef365e95ed/packaging-26.2-py3-none-any.whl,https://pypi.org/simple,>=3.8,2026-04-24T20:15:22.081511Z
55,pillow,12.3.0,True,DIRECT_PIN_VERIFIED_HOST,pillow-12.3.0-cp314-cp314-win_amd64.whl,cp314-cp314-win_amd64,7237707,fdafc9cce40277e0f7a0feabce0ee50dd2fa1800f3b38015e51296b5e814048d,https://files.pythonhosted.org/packages/f1/e0/492879f69d94f91f60fc8cd05ba03650e9520afebb2fb7aa12777d7c7f38/pillow-12.3.0-cp314-cp314-win_amd64.whl,https://pypi.org/simple,>=3.10,2026-07-01T11:55:12.745192Z
56,propcache,0.5.2,False,VERIFIED_HOST_VERSION,propcache-0.5.2-cp314-cp314-win_amd64.whl,cp314-cp314-win_amd64,42373,81e3a30b0bb60caa22033dd0f8a3618d1d67356212514f62c57db75cb0ef410c,https://files.pythonhosted.org/packages/61/d2/45c9defbaa1ea297035d9d4cce9e8f80daafbf19319c6007f157c6256ea9/propcache-0.5.2-cp314-cp314-win_amd64.whl,https://pypi.org/simple,>=3.10,2026-05-08T21:01:43.041730Z
57,psutil,7.2.2,True,DIRECT_PIN_VERIFIED_HOST,psutil-7.2.2-cp37-abi3-win_amd64.whl,cp37-abi3-win_amd64,137737,eb7e81434c8d223ec4a219b5fc1c47d0417b12be7ea866e24fb5ad6e84b3d988,https://files.pythonhosted.org/packages/b4/90/e2159492b5426be0c1fef7acba807a03511f97c5f86b3caeda6ad92351a7/psutil-7.2.2-cp37-abi3-win_amd64.whl,https://pypi.org/simple,>=3.6,2026-01-28T18:15:33.849193Z
58,pycparser,3.0,False,VERIFIED_HOST_VERSION,pycparser-3.0-py3-none-any.whl,py3-none-any,48172,b727414169a36b7d524c1c3e31839a521725078d7b2ff038656844266160a992,https://files.pythonhosted.org/packages/0c/c3/44f3fbbfa403ea2a7c779186dc20772604442dde72947e7d01069cbe98e3/pycparser-3.0-py3-none-any.whl,https://pypi.org/simple,>=3.10,2026-01-21T14:26:50.693739Z
59,pydantic,2.13.4,True,DIRECT_PIN_VERIFIED_HOST,pydantic-2.13.4-py3-none-any.whl,py3-none-any,472262,45a282cde31d808236fd7ea9d919b128653c8b38b393d1c4ab335c62924d9aba,https://files.pythonhosted.org/packages/fd/7b/122376b1fd3c62c1ed9dc80c931ace4844b3c55407b6fb2d199377c9736f/pydantic-2.13.4-py3-none-any.whl,https://pypi.org/simple,>=3.9,2026-05-06T13:43:02.641507Z
60,pydantic-core,2.46.4,False,VERIFIED_HOST_VERSION,pydantic_core-2.46.4-cp314-cp314-win_amd64.whl,cp314-cp314-win_amd64,2072238,811ff8e9c313ab425368bcbb36e5c4ebd7108c2bbf4e4089cfbb0b01eff63fac,https://files.pythonhosted.org/packages/fc/b6/6b8de4c0a7d7ab3004c439c80c5c1e0a3e8d78bbae19379b01960383d9e5/pydantic_core-2.46.4-cp314-cp314-win_amd64.whl,https://pypi.org/simple,>=3.9,2026-05-06T13:39:40.807145Z
61,pydantic-settings,2.14.2,True,DIRECT_PIN_VERIFIED_HOST,pydantic_settings-2.14.2-py3-none-any.whl,py3-none-any,61715,a20c97b37910b6550d5ea50fbcc2d4187defe58cd57070b73863d069419c9440,https://files.pythonhosted.org/packages/77/c1/6e422f34e569cf8e18df68d1939c81c099d2b61e4f7d9621c8a77560799c/pydantic_settings-2.14.2-py3-none-any.whl,https://pypi.org/simple,>=3.10,2026-06-19T13:44:55.020275Z
62,pygithub,2.9.1,False,VERIFIED_HOST_VERSION,pygithub-2.9.1-py3-none-any.whl,py3-none-any,449710,2ec78fca30092d51a42d76f4ddb02131b6f0c666a35dfdf364cf302cdda115b9,https://files.pythonhosted.org/packages/77/aa/81a5506f089a26338bff17535e4339b3b22049ebd1bcdeff756c4d7a7559/pygithub-2.9.1-py3-none-any.whl,https://pypi.org/simple,>=3.9,2026-04-14T07:26:12.382245Z
63,pygments,2.20.0,False,VERIFIED_HOST_VERSION,pygments-2.20.0-py3-none-any.whl,py3-none-any,1231151,81a9e26dd42fd28a23a2d169d86d7ac03b46e2f8b59ed4698fb4785f946d0176,https://files.pythonhosted.org/packages/f4/7e/a72dd26f3b0f4f2bf1dd8923c85f7ceb43172af56d63c7383eb62b332364/pygments-2.20.0-py3-none-any.whl,https://pypi.org/simple,>=3.9,2026-03-29T13:29:30.038266Z
64,pyjwt,2.13.0,False,VERIFIED_HOST_VERSION,pyjwt-2.13.0-py3-none-any.whl,py3-none-any,31274,66adcc2aff09b3f1bbd95fc1e1577df8ac8723c978552fd43304c8a290ac5728,https://files.pythonhosted.org/packages/a3/5e/ecf12fdb62546d64385c158514e9b2b671f7832108ef2ecd2020ce0af2d1/pyjwt-2.13.0-py3-none-any.whl,https://pypi.org/simple,>=3.9,2026-05-21T19:54:35.362086Z
65,pynacl,1.6.2,False,VERIFIED_HOST_VERSION,pynacl-1.6.2-cp38-abi3-win_amd64.whl,cp38-abi3-win_amd64,239754,62985f233210dee6548c223301b6c25440852e13d59a8b81490203c3227c5ba0,https://files.pythonhosted.org/packages/41/ad/334600e8cacc7d86587fe5f565480fde569dfb487389c8e1be56ac21d8ac/pynacl-1.6.2-cp38-abi3-win_amd64.whl,https://pypi.org/simple,>=3.8,2026-01-01T17:32:34.557565Z
66,pyopengl,3.1.10,True,DIRECT_PIN_VERIFIED_HOST,pyopengl-3.1.10-py3-none-any.whl,py3-none-any,3194996,794a943daced39300879e4e47bd94525280685f42dbb5a998d336cfff151d74f,https://files.pythonhosted.org/packages/de/e4/1ba6f44e491c4eece978685230dde56b14d51a0365bc1b774ddaa94d14cd/pyopengl-3.1.10-py3-none-any.whl,https://pypi.org/simple,,2025-08-18T02:32:59.902135Z
67,python-dotenv,1.2.2,False,VERIFIED_HOST_VERSION,python_dotenv-1.2.2-py3-none-any.whl,py3-none-any,22101,1d8214789a24de455a8b8bd8ae6fe3c6b69a5e3d64aa8a8e5d68e694bbcb285a,https://files.pythonhosted.org/packages/0b/d7/1959b9648791274998a9c3526f6d0ec8fd2233e4d4acce81bbae76b44b2a/python_dotenv-1.2.2-py3-none-any.whl,https://pypi.org/simple,>=3.10,2026-03-01T16:00:25.090725Z
68,pyyaml,6.0.3,True,DIRECT_PIN_VERIFIED_HOST,pyyaml-6.0.3-cp314-cp314-win_amd64.whl,cp314-cp314-win_amd64,156429,4a2e8cebe2ff6ab7d1050ecd59c25d4c8bd7e6f400f5f82b96557ac0abafd0ac,https://files.pythonhosted.org/packages/23/20/bb6982b26a40bb43951265ba29d4c246ef0ff59c9fdcdf0ed04e0687de4d/pyyaml-6.0.3-cp314-cp314-win_amd64.whl,https://pypi.org/simple,>=3.8,2025-09-25T21:32:57.844103Z
69,regex,2026.6.28,False,VERIFIED_HOST_VERSION,regex-2026.6.28-cp314-cp314-win_amd64.whl,cp314-cp314-win_amd64,280754,7b15c437bc4604f03ceb3f8d37eae2f8930e320e1bc556b259848c639d9eec1a,https://files.pythonhosted.org/packages/55/50/e19f261ff9ba9b50722a529e09b1743ecf65eb348be99d0fd2cd7fcede1c/regex-2026.6.28-cp314-cp314-win_amd64.whl,https://pypi.org/simple,>=3.10,2026-06-28T19:56:13.758943Z
70,requests,2.34.2,True,DIRECT_PIN_VERIFIED_HOST,requests-2.34.2-py3-none-any.whl,py3-none-any,73075,2a0d60c172f83ac6ab31e4554906c0f3b3588d37b5cb939b1c061f4907e278e0,https://files.pythonhosted.org/packages/a0/f4/c67b0b3f1b9245e8d266f0f112c500d50e5b4e83cb6f3b71b6528104182a/requests-2.34.2-py3-none-any.whl,https://pypi.org/simple,>=3.10,2026-05-14T19:25:26.443000Z
71,rich,15.0.0,False,VERIFIED_HOST_VERSION,rich-15.0.0-py3-none-any.whl,py3-none-any,310654,33bd4ef74232fb73fe9279a257718407f169c09b78a87ad3d296f548e27de0bb,https://files.pythonhosted.org/packages/82/3b/64d4899d73f91ba49a8c18a8ff3f0ea8f1c1d75481760df8c68ef5235bf5/rich-15.0.0-py3-none-any.whl,https://pypi.org/simple,>=3.9.0,2026-04-12T08:24:02.830783Z
72,safetensors,0.8.0,True,DIRECT_PIN_VERIFIED_HOST,safetensors-0.8.0-cp310-abi3-win_amd64.whl,cp310-abi3-win_amd64,355540,096ec1a98435df7beb08853bb5aa9081a84f23d0adc67ed1a0a10550f608373f,https://files.pythonhosted.org/packages/1b/6d/3fba214c1e5e0f69991677ec3bc17023f0421776975e1de0c682dca475e2/safetensors-0.8.0-cp310-abi3-win_amd64.whl,https://pypi.org/simple,>=3.10,2026-06-09T07:52:27.832806Z
73,scipy,1.18.0,True,DIRECT_PIN_VERIFIED_HOST,scipy-1.18.0-cp314-cp314-win_amd64.whl,cp314-cp314-win_amd64,37288845,2d8bbdc6c817f5b4006a54d799d4f5bab6f910193cbb9a1ff310833d4d270f61,https://files.pythonhosted.org/packages/93/3e/902d836831474b0ab5a37d16404f7bc5fafd9efba632890e271ba952635f/scipy-1.18.0-cp314-cp314-win_amd64.whl,https://pypi.org/simple,>=3.12,2026-06-19T15:01:07.822988Z
74,sentencepiece,0.2.1,True,DIRECT_PIN_VERIFIED_HOST,sentencepiece-0.2.1-cp314-cp314-win_amd64.whl,cp314-cp314-win_amd64,1155115,881b2e44b14fc19feade3cbed314be37de639fc415375cefaa5bc81a4be137fd,https://files.pythonhosted.org/packages/b8/cb/fe400d8836952cc535c81a0ce47dc6875160e5fedb71d2d9ff0e9894c2a6/sentencepiece-0.2.1-cp314-cp314-win_amd64.whl,https://pypi.org/simple,>=3.9,2025-08-12T07:00:32.865580Z
75,setuptools,81.0.0,False,LATEST_COMPATIBLE_FALLBACK,setuptools-81.0.0-py3-none-any.whl,py3-none-any,1062021,fdd925d5c5d9f62e4b74b30d6dd7828ce236fd6ed998a08d81de62ce5a6310d6,https://files.pythonhosted.org/packages/e1/e3/c164c88b2e5ce7b24d667b9bd83589cf4f3520d97cad01534cd3c4f55fdb/setuptools-81.0.0-py3-none-any.whl,https://pypi.org/simple,>=3.9,2026-02-06T21:10:37.175649Z
76,shellingham,1.5.4,False,VERIFIED_HOST_VERSION,shellingham-1.5.4-py2.py3-none-any.whl,py3-none-any,9755,7ecfff8f2fd72616f7481040475a65b2bf8af90a56c89140852d1120324e8686,https://files.pythonhosted.org/packages/e0/f9/0595336914c5619e5f28a1fb793285925a8cd4b432c9da0a987836c7f822/shellingham-1.5.4-py2.py3-none-any.whl,https://pypi.org/simple,>=3.7,2023-10-24T04:13:38.866125Z
77,simpleeval,1.0.7,True,DIRECT_PIN_VERIFIED_HOST,simpleeval-1.0.7-py3-none-any.whl,py3-none-any,18792,97ac271bfd8f2af9e7b9a36ceea67617f26fa873f9d5ae1922f64d4c1442534b,https://files.pythonhosted.org/packages/0f/2f/f32aa85591882378bb43caa09363f3ed97df399369a5144c7f19f2275bc0/simpleeval-1.0.7-py3-none-any.whl,https://pypi.org/simple,>=3.9,2026-03-16T10:53:02.103062Z
78,smmap,5.0.3,False,VERIFIED_HOST_VERSION,smmap-5.0.3-py3-none-any.whl,py3-none-any,24390,c106e05d5a61449cf6ba9a1e650227ecfb141590d2a98412103ff35d89fc7b2f,https://files.pythonhosted.org/packages/c1/d4/59e74daffcb57a07668852eeeb6035af9f32cbfd7a1d2511f17d2fe6a738/smmap-5.0.3-py3-none-any.whl,https://pypi.org/simple,>=3.7,2026-03-09T03:43:24.361292Z
79,spandrel,0.4.2,True,DIRECT_PIN_VERIFIED_HOST,spandrel-0.4.2-py3-none-any.whl,py3-none-any,320811,6c93e3ecbeb0e548fd2df45a605472b34c1614287c56b51bb33cdef7ae5235b5,https://files.pythonhosted.org/packages/74/31/411ea965835534c43d4b98d451968354876e0e867ea1fd42669e4cca0732/spandrel-0.4.2-py3-none-any.whl,https://pypi.org/simple,>=3.10,2026-02-21T01:52:25.015769Z
80,sqlalchemy,2.0.51,True,DIRECT_PIN_VERIFIED_HOST,sqlalchemy-2.0.51-cp314-cp314-win_amd64.whl,cp314-cp314-win_amd64,2146318,96747bfbadb055466e5b46d572618170046b45ce5a4879167f50d70a5319a499,https://files.pythonhosted.org/packages/7b/78/55b12e70f45bccc40d9e483925c065027b3b98ea4cbbdf6f8c2546feaf6c/sqlalchemy-2.0.51-cp314-cp314-win_amd64.whl,https://pypi.org/simple,>=3.7,2026-06-15T16:23:17.108061Z
81,sympy,1.14.0,False,VERIFIED_HOST_VERSION,sympy-1.14.0-py3-none-any.whl,py3-none-any,6299353,e091cc3e99d2141a0ba2847328f5479b05d94a6635cb96148ccb3f34671bd8f5,https://files.pythonhosted.org/packages/a2/09/77d55d46fd61b4a135c444fc97158ef34a095e5681d0a6c10b75bf356191/sympy-1.14.0-py3-none-any.whl,https://pypi.org/simple,>=3.9,2025-04-27T18:04:59.103806Z
82,tokenizers,0.22.2,True,DIRECT_PIN_VERIFIED_HOST,tokenizers-0.22.2-cp39-abi3-win_amd64.whl,cp39-abi3-win_amd64,2747786,c9ea31edff2968b44a88f97d784c2f16dc0729b8b143ed004699ebca91f05c48,https://files.pythonhosted.org/packages/65/71/0670843133a43d43070abeb1949abfdef12a86d490bea9cd9e18e37c5ff7/tokenizers-0.22.2-cp39-abi3-win_amd64.whl,https://pypi.org/simple,>=3.9,2026-01-05T10:45:18.411482Z
83,toml,0.10.2,False,VERIFIED_HOST_VERSION,toml-0.10.2-py2.py3-none-any.whl,py3-none-any,16588,806143ae5bfb6a3c6e736a764057db0e6a0e05e338b5630894a5f779cabb4f9b,https://files.pythonhosted.org/packages/44/6f/7120676b6d73228c96e17f1f794d8ab046fc910d781c8d151120c3f1569e/toml-0.10.2-py2.py3-none-any.whl,https://pypi.org/simple,">=2.6, !=3.0.*, !=3.1.*, !=3.2.*",2020-11-01T01:40:20.672915Z
84,torch,2.12.1,True,DIRECT_PIN_VERIFIED_HOST,torch-2.12.1-cp314-cp314-win_amd64.whl,cp314-cp314-win_amd64,122987254,f6dc4caf7eb4adb38a2d9f536b51db56310fdd1254e69a2d96767e1367c892b3,https://files.pythonhosted.org/packages/21/7c/f3a601fc1b1f663ff269bfe553654e638651939aa6563e8daa7167c33098/torch-2.12.1-cp314-cp314-win_amd64.whl,https://pypi.org/simple,>=3.10,2026-06-17T21:06:33.199787Z
85,torchaudio,2.11.0,True,DIRECT_PIN_VERIFIED_HOST,torchaudio-2.11.0-cp314-cp314-win_amd64.whl,cp314-cp314-win_amd64,328662,1424638adb8bb40087bc7b6eb103e8e4fe398210f09076f33b7b5e61501b5d66,https://files.pythonhosted.org/packages/83/6f/b0efb44e0bfe8dd4d78d76ae3be280354e1fb5c8631c782785d74cd8a7b1/torchaudio-2.11.0-cp314-cp314-win_amd64.whl,https://pypi.org/simple,,2026-03-23T18:13:32.243901Z
86,torchsde,0.2.6,True,DIRECT_PIN_VERIFIED_HOST,torchsde-0.2.6-py3-none-any.whl,py3-none-any,61232,19bf7ff02eec7e8e46ba1cdb4aa0f9db1c51d492524a16975234b467f7fc463b,https://files.pythonhosted.org/packages/dd/1f/b67ebd7e19ffe259f05d3cf4547326725c3113d640c277030be3e9998d6f/torchsde-0.2.6-py3-none-any.whl,https://pypi.org/simple,>=3.8,2023-09-26T21:52:19.274118Z
87,torchvision,0.27.1,True,DIRECT_PIN_VERIFIED_HOST,torchvision-0.27.1-cp314-cp314-win_amd64.whl,cp314-cp314-win_amd64,4177297,b3e9bc71854fddbf94ddb69ed8d88983945f3f28f78ee104214b0088669af66a,https://files.pythonhosted.org/packages/52/49/a23e199faf29e42a90f7d6b76437ade5d17e3185da3c64d368973ba8243e/torchvision-0.27.1-cp314-cp314-win_amd64.whl,https://pypi.org/simple,"!=3.14.1,>=3.10",2026-06-17T21:09:10.273227Z
88,tqdm,4.68.3,True,DIRECT_PIN_VERIFIED_HOST,tqdm-4.68.3-py3-none-any.whl,py3-none-any,78337,39832cc2def2789a6f29df83f172db7416cea70052c0907a57801c5f2fdccb03,https://files.pythonhosted.org/packages/d8/8e/bb97bb0c71802080bfc8952937d174e49cfc50de5c951dd47b2496f0dcdb/tqdm-4.68.3-py3-none-any.whl,https://pypi.org/simple,>=3.8,2026-06-17T07:36:50.132386Z
89,trampoline,0.1.2,False,VERIFIED_HOST_VERSION,trampoline-0.1.2-py3-none-any.whl,py3-none-any,5173,36cc9a4ff9811843d177fc0e0740efbd7da39eadfe6e50c9e2937cbc06d899d9,https://files.pythonhosted.org/packages/73/54/d2805324fb746d8da86d3844bee4f55c0cfd6c136de61b713772d44c5bea/trampoline-0.1.2-py3-none-any.whl,https://pypi.org/simple,,2018-08-18T01:00:41.215852Z
90,transformers,5.12.1,True,DIRECT_PIN_VERIFIED_HOST,transformers-5.12.1-py3-none-any.whl,py3-none-any,11150587,2a5e109d2021265df7098ffbb738295acaf5ad256f12cbc586db2ea4dcbb1a8a,https://files.pythonhosted.org/packages/df/56/bbd60dd8668055803bf8ba55a81f9b8a8b31497f620109a9671d26a2076d/transformers-5.12.1-py3-none-any.whl,https://pypi.org/simple,>=3.10.0,2026-06-15T17:27:46.679180Z
91,typer,0.25.1,False,VERIFIED_HOST_VERSION,typer-0.25.1-py3-none-any.whl,py3-none-any,58409,75caa44ed46a03fb2dab8808753ffacdbfea88495e74c85a28c5eefcf5f39c89,https://files.pythonhosted.org/packages/3f/f9/2b3ff4e56e5fa7debfaf9eb135d0da96f3e9a1d5b27222223c7296336e5f/typer-0.25.1-py3-none-any.whl,https://pypi.org/simple,>=3.10,2026-04-30T19:32:18.271413Z
92,typing-extensions,4.16.0,False,VERIFIED_HOST_VERSION,typing_extensions-4.16.0-py3-none-any.whl,py3-none-any,45571,481caa481374e813c1b176ada14e97f1f67a4539ce9cfeb3f350d78d6370c2e8,https://files.pythonhosted.org/packages/49/d3/b8441a820a491ddfc024b0b0cf0393375b75ea13866d9c66727e54c2fc80/typing_extensions-4.16.0-py3-none-any.whl,https://pypi.org/simple,>=3.9,2026-07-02T08:40:04.659120Z
93,typing-inspection,0.4.2,False,VERIFIED_HOST_VERSION,typing_inspection-0.4.2-py3-none-any.whl,py3-none-any,14611,4ed1cacbdc298c220f1bd249ed5287caa16f34d44ef4e9c3d0cbad5b521545e7,https://files.pythonhosted.org/packages/dc/9b/47798a6c91d8bdb567fe2698fe81e0c6b7cb7ef4d13da4114b41d239f65d/typing_inspection-0.4.2-py3-none-any.whl,https://pypi.org/simple,>=3.9,2025-10-01T02:14:40.154613Z
94,urllib3,2.7.0,False,VERIFIED_HOST_VERSION,urllib3-2.7.0-py3-none-any.whl,py3-none-any,131087,9fb4c81ebbb1ce9531cce37674bbc6f1360472bc18ca9a553ede278ef7276897,https://files.pythonhosted.org/packages/7f/3e/5db95bcf282c52709639744ca2a8b149baccf648e39c8cc87553df9eae0c/urllib3-2.7.0-py3-none-any.whl,https://pypi.org/simple,>=3.10,2026-05-07T16:13:17.151740Z
95,uv,0.11.26,False,VERIFIED_HOST_VERSION,uv-0.11.26-py3-none-win_amd64.whl,py3-none-win_amd64,26909320,d95567e9470dc48ff03265f420c3c6973f6437f18a79d5e00b6eb4b2d9379907,https://files.pythonhosted.org/packages/d0/13/9c588226d5b478328d739e654944430719f3ffe8999d6a24d425ec9664ab/uv-0.11.26-py3-none-win_amd64.whl,https://pypi.org/simple,>=3.8,2026-06-30T14:51:57.235352Z
96,yarl,1.24.2,True,DIRECT_PIN_VERIFIED_HOST,yarl-1.24.2-cp314-cp314-win_amd64.whl,cp314-cp314-win_amd64,94424,afb00d7fd8e0f285ca29a44cc50df2d622ff2f7a6d933fa641577b5f9d5f3db0,https://files.pythonhosted.org/packages/fa/d9/5582d57e2b2db9b85eb6663a22efdd78e08805f3f5389566e9fcad254d1b/yarl-1.24.2-cp314-cp314-win_amd64.whl,https://pypi.org/simple,>=3.10,2026-05-19T21:30:25.425884Z
